{
    "order103": 90.57000000000001,
    "order104": 245.79000000000002
}